key,date,time,competition,tour,home,away,venue,status,hs,as,awarded,awardedReason
final-04,2026-09-26,,Вторая лига - Финальный этап,4,ПОЛ,ГАЗ,,finished,3,0,1,opponent-no-show
#
# 4 тур: «Газовик» не приехал, засчитана техническая победа 3:0.
# Колонка awarded=1 ставит матчу метку «Тех.» в списках и пояснение
# на карточке вместо пустой ленты событий.
# Значения awardedReason: opponent-no-show · own-no-show ·
# opponent-withdrawn · other. Пусто = opponent-no-show.
#
# --- финальный этап: залито 21.09.2026 ---
#final-01,2026-09-06,13:00,Вторая лига - Финальный этап,1,БГУ,ПОЛ,,finished,2,1,,
#final-02,2026-09-13,13:00,Вторая лига - Финальный этап,2,ПОЛ,Друть,,finished,3,2,,
#final-03,2026-09-19,13:00,Вторая лига - Финальный этап,3,Торпедо-БелАЗ-2,ПОЛ,,finished,4,2,,
#final-05,2026-10-03,,Вторая лига - Финальный этап,5,МЛ Витебск-2,ПОЛ,,scheduled,,,,
#
# --- региональный этап: залито 21.09.2026 ---
#region-13,2026-08-23,,Вторая лига - Витебский дивизион,13,ПОЛ,ОРШ,,finished,15,0,,
#region-14,2026-08-30,,Вторая лига - Витебский дивизион,14,ПСТ,ПОЛ,,finished,3,4,,
#fix-10-05,2026-05-10,,Вторая лига - Витебский дивизион,1,ГОР,ПОЛ,,finished,0,2,,
#fix-31-05,2026-05-31,,Вторая лига - Витебский дивизион,4,ГАЗ,ПОЛ,,finished,1,1,,
#fix-01-08,2026-08-01,,Вторая лига - Витебский дивизион,10,ПОЛ,МИО,,finished,2,3,,
#fix-09-08,2026-08-09,,Вторая лига - Витебский дивизион,11,ПОЛ,ГАЗ,,finished,3,1,,
#fix-27-05,2026-05-27,,Кубок Беларуси 1/32,-,ПОЛ,UNI,,finished,0,2,,
